experiment,sample,tech_rep,DNA_total_conc,Tt_total_conc,ratio_tt_total,extraction,preservation,homogenized,inhibition_value,dilution_factor,inhibited,vol_filtered,filter_size
v_ps,52345-021,1,NA,348249,NA,PCI,longmires,1,1.204666667,100,1,3,5
v_ps,52345-022,2,NA,272657.2,NA,PCI,longmires,1,1.134666667,100,1,3,5
v_ps,52345-018,3,NA,225790.8,NA,PCI,longmires,1,1.146666667,100,1,3,1
v_ps,52345-016,3,NA,218856.2,NA,PCI,longmires,1,0.7716666667,100,1,1,5
v_ps,52345-018,2,NA,145160,NA,PCI,longmires,1,0.9916666667,100,1,3,1
v_ps,52345-015,3,NA,136504.5,NA,PCI,longmires,1,0.7916666667,100,1,1,5
v_ps,52345-018,1,NA,124985.5,NA,PCI,longmires,1,1.422666667,100,1,3,1
v_ps,52345-013,3,NA,37390.26,NA,PCI,longmires,1,3.080666667,10,1,1,1
v_ps,52345-013,2,NA,36813.8,NA,PCI,longmires,1,2.461666667,10,1,1,1
v_ps,52345-018,1,NA,33244.31,NA,PCI,longmires,1,3.646666667,10,1,3,1
v_ps,52345-014,1,NA,30173.9,NA,PCI,longmires,1,2.897666667,10,1,1,5
v_ps,52345-013,1,NA,29550.75,NA,PCI,longmires,1,2.974666667,10,1,1,1
v_ps,52345-019,3,NA,28050.48,NA,PCI,longmires,1,3.887666667,10,1,3,1
v_ps,52345-011,1,NA,27578.39,NA,PCI,longmires,1,4.570666667,10,1,1,1
v_ps,52345-011,3,NA,27536.16,NA,PCI,longmires,1,5.709666667,10,1,1,1
v_ps,52345-012,1,NA,26221.27,NA,PCI,longmires,1,2.917666667,10,1,1,1
v_ps,52345-014,3,NA,26211.34,NA,PCI,longmires,1,2.449666667,10,1,1,5
v_ps,52345-020,2,NA,26064.06,NA,PCI,longmires,1,4.863666667,10,1,3,5
v_ps,52345-012,3,NA,25540.42,NA,PCI,longmires,1,2.254666667,10,1,1,1
v_ps,52345-018,3,202,25253.5,1.1043933456949936e-8,PCI,longmires,1,0.661,20,1,3,1
v_ps,52345-011,2,NA,24506.99,NA,PCI,longmires,1,2.424666667,10,1,1,1
v_ps,52345-021,2,NA,24344.26,NA,PCI,longmires,1,2.324666667,10,1,3,5
v_ps,52345-018,2,202,23790.12,1.0403963894622678e-8,PCI,longmires,1,0.711,20,1,3,1
v_ps,52345-014,2,NA,23627.56,NA,PCI,longmires,1,3.254666667,10,1,1,5
v_ps,52345-015,3,NA,22952.62,NA,PCI,longmires,1,2.910666667,10,1,1,5
v_ps,52345-018,3,NA,21351.87,NA,PCI,longmires,1,7.811666667,10,1,3,1
v_ps,52345-020,1,NA,21209.91,NA,PCI,longmires,1,7.433666667,10,1,3,5
v_ps,52345-015,1,NA,20949.12,NA,PCI,longmires,1,4.564666667,10,1,1,5
v_ps,52345-018,2,NA,20675.69,NA,PCI,longmires,1,4.378666667,10,1,3,1
v_ps,52345-019,2,NA,20585.53,NA,PCI,longmires,1,6.219666667,10,1,3,1
v_ps,52345-018,1,202,20361.12,8.90438372459154e-9,PCI,longmires,1,0.856,20,1,3,1
v_ps,52345-012,2,NA,20103.14,NA,PCI,longmires,1,1.405666667,10,1,1,1
v_ps,52345-020,1,131.4,19795.78,1.3308552635117327e-8,PCI,longmires,1,0.971,20,1,3,5
v_ps,52345-019,1,166.6,19686.16,1.0438535838363614e-8,PCI,longmires,1,1.048,20,1,3,1
v_ps,52345-021,1,111.4,19511.1,1.547213111634133e-8,PCI,longmires,1,0.731,20,1,3,5
v_ps,52345-017,2,156.4,19205.98,1.0848090426829818e-8,PCI,longmires,1,0.757,20,1,3,1
v_ps,52345-020,2,131.4,19163.84,1.288370416982644e-8,PCI,longmires,1,0.56,20,1,3,5
v_ps,52345-019,2,166.6,18940.54,1.0043172746130255e-8,PCI,longmires,1,0.693,20,1,3,1
v_ps,52345-016,3,NA,18340.31,NA,PCI,longmires,1,7.174666667,10,1,1,5
v_ps,52345-017,3,156.4,18306.54,1.034006082076401e-8,PCI,longmires,1,0.873,20,1,3,1
v_ps,52345-019,2,NA,239143.7,NA,PCI,longmires,1,-0.1243333333,100,0,3,1
v_ps,52345-017,3,NA,18244.13,NA,PCI,longmires,1,1.905666667,10,1,3,1
v_ps,52345-015,2,NA,17443.35,NA,PCI,longmires,1,2.680666667,10,1,1,5
v_ps,52345-017,1,156.4,17420.28,9.839475658138504e-9,PCI,longmires,1,0.968,20,1,3,1
v_ps,52345-022,3,136.8,17141.7,1.1069330791643419e-8,PCI,longmires,1,0.901,20,1,3,5
v_ps,52345-021,3,111.4,16904.58,1.3405183625048374e-8,PCI,longmires,1,0.615,20,1,3,5
v_ps,52345-021,2,111.4,16749.96,1.3282571321630897e-8,PCI,longmires,1,0.571,20,1,3,5
v_ps,52345-022,2,136.8,16428.84,1.0608998202219328e-8,PCI,longmires,1,0.708,20,1,3,5
v_ps,52345-022,3,NA,15804.07,NA,PCI,longmires,1,8.080666667,10,1,3,5
v_ps,52345-022,1,136.8,15265.7,9.857895253445745e-9,PCI,longmires,1,0.633,20,1,3,5
v_ps,52345-019,3,NA,198575.3,NA,PCI,longmires,1,-0.1843333333,100,0,3,1
v_ps,52345-020,2,NA,189419,NA,PCI,longmires,1,-0.4023333333,100,0,3,5
v_ps,52345-019,1,NA,186855.5,NA,PCI,longmires,1,0.09766666667,100,0,3,1
v_ps,52345-022,1,NA,141512.2,NA,PCI,longmires,1,0.1956666667,100,0,3,5
v_ps,52345-022,3,NA,122265.5,NA,PCI,longmires,1,-0.6783333333,100,0,3,5
v_ps,52345-012,3,NA,100281.4,NA,PCI,longmires,1,-0.8263333333,100,0,1,1
v_ps,52345-014,2,45,6299.72,1.236694149980369e-8,PCI,longmires,1,0.505,20,1,1,5
v_ps,52345-011,1,NA,95749.2,NA,PCI,longmires,1,-0.9863333333,100,0,1,1
v_ps,52345-020,3,131.4,19053.34,1.280941585857119e-8,PCI,longmires,1,0.47,20,0,3,5
v_ps,52345-016,2,31.2,5316.24,1.505232400108725e-8,PCI,longmires,1,0.52,20,1,1,5
v_ps,52345-019,3,166.6,34584.84,1.8338522688227233e-8,PCI,longmires,1,0.196,40,0,3,1
v_ps,52345-018,2,202,34152.2,1.4935538606864217e-8,PCI,longmires,1,0.311,40,0,3,1
v_ps,52345-018,1,202,33310.16,1.4567295245425605e-8,PCI,longmires,1,0.3,40,0,3,1
v_ps,52345-020,2,131.4,32729.36,2.2003700297422163e-8,PCI,longmires,1,0.131,40,0,3,5
v_ps,52345-020,3,131.4,31848.48,2.141149135969795e-8,PCI,longmires,1,0.432,40,0,3,5
v_ps,52345-020,1,131.4,31472.88,2.1158978330671056e-8,PCI,longmires,1,0.219,40,0,3,5
v_ps,52345-019,2,166.6,31079.2,1.6479666071375548e-8,PCI,longmires,1,0.271,40,0,3,1
v_ps,52345-022,3,136.8,30684.52,1.9814668443783192e-8,PCI,longmires,1,0.208,40,0,3,5
v_ps,52345-021,3,111.4,30529.36,2.4209514625930177e-8,PCI,longmires,1,0.296,40,0,3,5
v_ps,52345-017,2,156.4,30310.84,1.7120435053726516e-8,PCI,longmires,1,0.26,40,0,3,1
v_ps,52345-017,3,156.4,30227.28,1.7073237960109532e-8,PCI,longmires,1,0.336,40,0,3,1
v_ps,52345-013,3,NA,75433.1,NA,PCI,longmires,1,-0.5403333333,100,0,1,1
v_ps,52345-013,2,NA,75318.9,NA,PCI,longmires,1,-0.7253333333,100,0,1,1
v_ps,52345-021,1,111.4,29978.52,2.377270333881026e-8,PCI,longmires,1,0.176,40,0,3,5
v_ps,52345-018,3,202,29880.96,1.3067627610817619e-8,PCI,longmires,1,0.156,40,0,3,1
v_ps,52345-022,1,136.8,29570.44,1.909524621329531e-8,PCI,longmires,1,0.21,40,0,3,5
v_ps,52345-020,3,NA,73627.2,NA,PCI,longmires,1,-1.225333333,100,0,3,5
v_ps,52345-019,3,166.6,14610.42,7.74713772434769e-9,PCI,longmires,1,0.393,20,0,3,1
v_ps,52345-017,1,156.4,29003.64,1.638209086061833e-8,PCI,longmires,1,0.287,40,0,3,1
v_ps,52345-021,2,111.4,28933.64,2.2944122666226822e-8,PCI,longmires,1,0.281,40,0,3,5
v_ps,52345-019,1,166.6,28171.24,1.493772774127319e-8,PCI,longmires,1,0.232,40,0,3,1
v_ps,52345-022,2,136.8,27719.04,1.7899696237059075e-8,PCI,longmires,1,0.272,40,0,3,5
v_ps,52345-014,1,NA,60149.9,NA,PCI,longmires,1,-0.6723333333,100,0,1,5
v_ps,52345-016,1,NA,1715.84,NA,PCI,longmires,1,3.624666667,10,1,1,5
v_ps,52345-021,2,NA,51067.9,NA,PCI,longmires,1,-0.9253333333,100,0,3,5
v_ps,52345-016,2,NA,1609.22,NA,PCI,longmires,1,5.626666667,10,1,1,5
v_ps,52345-013,1,NA,49028.6,NA,PCI,longmires,1,-1.105333333,100,0,1,1
v_ps,52345-020,1,NA,48745,NA,PCI,longmires,1,-1.037333333,100,0,3,5
v_ps,52345-013,2,54.6,8803.2,1.4243000815438978e-8,PCI,longmires,1,0.479,20,0,1,1
v_ps,52345-012,2,NA,43365.8,NA,PCI,longmires,1,-1.071333333,100,0,1,1
v_ps,52345-013,1,54.6,8215.78,1.3292593743123779e-8,PCI,longmires,1,0.499,20,0,1,1
v_ps,52345-021,3,NA,41046.8,NA,PCI,longmires,1,-0.9213333333,100,0,3,5
v_ps,52345-013,3,54.6,8182.7,1.3239072470521234e-8,PCI,longmires,1,0.271,20,0,1,1
v_ps,52345-012,1,NA,40484.7,NA,PCI,longmires,1,-0.6563333333,100,0,1,1
v_ps,52345-011,2,NA,39682.9,NA,PCI,longmires,1,-1.404333333,100,0,1,1
v_ps,52345-011,2,53.4,7539.44,1.2472439485978217e-8,PCI,longmires,1,0.327,20,0,1,1
v_ps,52345-014,3,45,7471.58,1.4667412642324303e-8,PCI,longmires,1,0.329,20,0,1,5
v_ps,52345-017,2,NA,34884.2,NA,PCI,longmires,1,0.03266666667,100,0,3,1
v_ps,52345-022,1,NA,3368.54,NA,PCI,longmires,1,NA,10,#VALUE!,3,5
v_ps,52345-014,1,45,6640.68,1.303627797408716e-8,PCI,longmires,1,0.303,20,0,1,5
v_ps,52345-011,1,53.4,6627.48,1.0963790844483265e-8,PCI,longmires,1,0.225,20,0,1,1
v_ps,52345-011,3,53.4,6542.44,1.082310980532285e-8,PCI,longmires,1,0.377,20,0,1,1
v_ps,52345-019,1,NA,3252.02,NA,PCI,longmires,1,NA,10,#VALUE!,3,1
v_ps,52345-012,2,46.2,6415.16,1.2266455570342496e-8,PCI,longmires,1,0.483,20,0,1,1
v_ps,52345-012,1,46.2,6305.2,1.2056200572101631e-8,PCI,longmires,1,0.359,20,0,1,1
v_ps,52345-015,3,42.4,6059.66,1.2625133342222816e-8,PCI,longmires,1,0.237,20,0,1,5
v_ps,52345-012,3,46.2,5916.9,1.1313730439172134e-8,PCI,longmires,1,0.422,20,0,1,1
v_ps,52345-015,1,NA,28301,NA,PCI,longmires,1,-0.2373333333,100,0,1,5
v_ps,52345-015,1,42.4,5475.22,1.1407468831255416e-8,PCI,longmires,1,0.343,20,0,1,5
v_ps,52345-015,2,42.4,5434.56,1.1322754850323357e-8,PCI,longmires,1,0.403,20,0,1,5
v_ps,52345-017,1,NA,26887.7,NA,PCI,longmires,1,0.1536666667,100,0,3,1
v_ps,52345-016,1,31.2,5274,1.493272628431639e-8,PCI,longmires,1,0.321,20,0,1,5
v_ps,52345-016,3,31.2,5001.06,1.4159927969556945e-8,PCI,longmires,1,0.469,20,0,1,5
v_ps,52345-020,3,NA,2061.48,NA,PCI,longmires,1,NA,10,#VALUE!,3,5
v_ps,52345-016,2,NA,19433.8,NA,PCI,longmires,1,0.3026666667,100,0,1,5
v_ps,52345-022,2,NA,1581.35,NA,PCI,longmires,1,NA,10,#VALUE!,3,5
v_ps,52345-015,2,NA,14691.2,NA,PCI,longmires,1,-0.4003333333,100,0,1,5
v_ps,52345-017,1,NA,931.64,NA,PCI,longmires,1,-0.8743333333,10,0,3,1
v_ps,52345-017,3,NA,8991.8,NA,PCI,longmires,1,0.02266666667,100,0,3,1
v_ps,52345-014,2,NA,6444.5,NA,PCI,longmires,1,-0.2603333333,100,0,1,5
v_ps,52345-021,1,NA,530.74,NA,PCI,longmires,1,-0.5873333333,10,0,3,5
v_ps,52345-014,3,NA,1445.6,NA,PCI,longmires,1,-0.5223333333,100,0,1,5
v_ps,52345-016,1,NA,1005.6,NA,PCI,longmires,1,-0.3063333333,100,0,1,5
v_ps,52345-011,3,NA,753.3,NA,PCI,longmires,1,-1.703333333,100,0,1,1
v_ps,52345-017,2,NA,0,NA,PCI,longmires,1,NA,10,#VALUE!,3,1
v_ps,52345-021,3,NA,0,NA,PCI,longmires,1,NA,10,#VALUE!,3,5
p_e,52345-058,1,18.1,846484.4,4.131368721082326e-4,zymo,minus 80,0,0.816,1,1,3,5
p_e,52345-058,2,18.1,691279.8,3.373874040958163e-4,zymo,minus 80,0,0.929,1,1,3,5
p_e,52345-058,3,18.1,661973.4,3.2308406379946507e-4,zymo,minus 80,0,0.599,1,1,3,5
p_e,52345-059,1,14.3,566670.8,3.5006474091279745e-4,zymo,minus 80,0,0.758,1,1,3,5
p_e,52345-059,2,14.3,496901.9,3.0696452840445773e-4,zymo,minus 80,0,0.679,1,1,3,5
p_e,52345-059,3,14.3,483000.1,2.9837659690133185e-4,zymo,minus 80,0,0.554,1,1,3,5
p_e,52345-060,3,13.5,568040.5,3.717056013610784e-4,zymo,minus 80,0,0.616,1,1,3,5
p_e,52345-060,1,13.5,469734.3,3.073775029446407e-4,zymo,minus 80,0,0.413,1,0,3,5
p_e,52345-060,2,13.5,416746.3,2.7270403088600965e-4,zymo,minus 80,0,-0.131,1,0,3,5
p_e,52345-049,1,13.4,381661.2,2.51609356046622e-4,zymo,self-preserving,0,0.739,1,1,3,5
p_e,52345-049,3,13.4,400753.8,2.641961130742049e-4,zymo,self-preserving,0,0.142,1,0,3,5
p_e,52345-049,2,13.4,349571.1,2.3045402404936444e-4,zymo,self-preserving,0,0.41,1,0,3,5
p_e,52345-050,1,10.3,343508.4,2.9461422347250337e-4,zymo,self-preserving,0,-0.047,1,0,3,5
p_e,52345-050,3,10.3,297055.5,2.547733198394456e-4,zymo,self-preserving,0,-0.353,1,0,3,5
p_e,52345-050,2,10.3,273470.2,2.3454509588665133e-4,zymo,self-preserving,0,-0.151,1,0,3,5
p_e,52345-051,1,12.8,298914.7,2.0629603301678445e-4,zymo,self-preserving,0,1.543,1,1,3,5
p_e,52345-051,2,12.8,252146.7,1.7401908955388693e-4,zymo,self-preserving,0,1.846,1,1,3,5
p_e,52345-051,3,12.8,237570.5,1.639593225485866e-4,zymo,self-preserving,0,1.35,1,1,3,5
p_e,52345-070,2,8.94,446568.9,4.4127012829938106e-4,zymo,shield,0,0.971,1,1,3,5
p_e,52345-070,1,8.94,410734.1,4.058605267942546e-4,zymo,shield,0,0.697,1,1,3,5
p_e,52345-070,3,8.94,352114.3,3.4793628113611756e-4,zymo,shield,0,0.277,1,0,3,5
p_e,52345-071,1,9.44,410996.8,3.846095106905432e-4,zymo,shield,0,0.88,1,1,3,5
p_e,52345-071,2,9.44,402752.6,3.768946143019704e-4,zymo,shield,0,0.584,1,1,3,5
p_e,52345-071,3,9.44,327245.9,3.062356823081991e-4,zymo,shield,0,1.191,1,1,3,5
p_e,52345-072,2,8.76,467810.8,4.7175847491811473e-4,zymo,shield,0,-0.572,1,0,3,5
p_e,52345-072,1,8.76,396961.3,4.0031110331251917e-4,zymo,shield,0,-0.361,1,0,3,5
p_e,52345-072,3,8.76,381060.6,3.8427622343772694e-4,zymo,shield,0,-0.562,1,0,3,5
p_e,52345-058,1,18.1,579847.8,2.830016789332917e-4,zymo,minus 80,0,-0.134,10,0,3,5
p_e,52345-058,3,18.1,530053.3999999999,2.5869892431134445e-4,zymo,minus 80,0,-0.034,10,0,3,5
p_e,52345-058,2,18.1,512808.7,2.5028244148136573e-4,zymo,minus 80,0,-0.015,10,0,3,5
p_e,52345-059,1,14.3,413010.3,2.5513992191554026e-4,zymo,minus 80,0,-0.073,10,0,3,5
p_e,52345-059,2,14.3,393331.1,2.4298296226741453e-4,zymo,minus 80,0,-0.183,10,0,3,5
p_e,52345-072,1,8.76,389913.9,3.9320423302192746e-4,zymo,shield,0,0.014,10,0,3,5
p_e,52345-072,2,8.76,364197.60000000003,3.6727092308437006e-4,zymo,shield,0,0.035,10,0,3,5
p_e,52345-060,1,13.5,352624.7,2.3074512498364087e-4,zymo,minus 80,0,0.032,10,0,3,5
p_e,52345-070,1,8.94,329380.89999999997,3.254726247223342e-4,zymo,shield,0,0.195,10,0,3,5
p_e,52345-072,3,8.76,328874.7,3.3164994675444117e-4,zymo,shield,0,-0.078,10,0,3,5
p_e,52345-060,3,13.5,323682.2,2.1180617720193695e-4,zymo,minus 80,0,-0.355,10,0,3,5
p_e,52345-071,1,9.44,322896.8,3.0216580822902317e-4,zymo,shield,0,-0.088,10,0,3,5
p_e,52345-070,2,8.94,319758.10000000003,3.159640042371207e-4,zymo,shield,0,-0.011,10,0,3,5
p_e,52345-049,2,13.4,313335,2.0656545013448657e-4,zymo,self-preserving,0,-0.089,10,0,3,5
p_e,52345-071,2,9.44,313166.69999999995,2.930604113014314e-4,zymo,shield,0,0.006,10,0,3,5
p_e,52345-049,1,13.4,312281.1,2.0587066874110013e-4,zymo,self-preserving,0,-0.068,10,0,3,5
p_e,52345-060,2,13.5,296262.7,1.9386382672425075e-4,zymo,minus 80,0,-0.046,10,0,3,5
p_e,52345-049,3,13.4,289641.1,1.9094529560677174e-4,zymo,self-preserving,0,-0.235,10,0,3,5
p_e,52345-070,3,8.94,277189.9,2.739008980166165e-4,zymo,shield,0,-0.086,10,0,3,5
p_e,52345-059,3,14.3,267637.4,1.6533482418641432e-4,zymo,minus 80,0,-0.07,10,0,3,5
p_e,52345-071,3,9.44,260306.5,2.4359400266514946e-4,zymo,shield,0,-0.072,10,0,3,5
p_e,52345-050,1,10.3,249932.59999999998,2.1435778242821362e-4,zymo,self-preserving,0,-0.076,10,0,3,5
p_e,52345-050,2,10.3,240940,2.066451679302892e-4,zymo,self-preserving,0,-0.236,10,0,3,5
p_e,52345-050,3,10.3,227442,1.950684414559676e-4,zymo,self-preserving,0,-0.217,10,0,3,5
p_e,52345-051,1,12.8,219523.80000000002,1.5150438935512367e-4,zymo,self-preserving,0,-0.115,10,0,3,5
p_e,52345-051,2,12.8,186164.5,1.284814625662544e-4,zymo,self-preserving,0,-0.183,10,0,3,5
p_e,52345-051,3,12.8,173195.9,1.1953118098498232e-4,zymo,self-preserving,0,-0.145,10,0,3,5
p_e,52345-064,2,21.1,1218654,5.102130189405991e-4,QBTK,minus 80,0,1.247,1,1,3,5
p_e,52345-064,1,21.1,968123.6,4.053236313700534e-4,QBTK,minus 80,0,1.543,1,1,3,5
p_e,52345-064,3,21.1,872109.6,3.651255170565873e-4,QBTK,minus 80,0,0.914,1,1,3,5
p_e,52345-065,2,22.6,628193.6,2.45549266706276e-4,QBTK,minus 80,0,3.182,1,1,3,5
p_e,52345-065,1,22.6,495248,1.9358328903342818e-4,QBTK,minus 80,0,4.952,1,1,3,5
p_e,52345-065,3,22.6,480846.7,1.8795408705713122e-4,QBTK,minus 80,0,2.22,1,1,3,5
p_e,52345-066,3,20.2,1046429,4.576273484238883e-4,QBTK,minus 80,0,3.964,1,1,3,5
p_e,52345-066,1,20.2,1273938,5.571222404926005e-4,QBTK,minus 80,0,-0.156,1,0,3,5
p_e,52345-066,2,20.2,1227172,5.366703984886121e-4,QBTK,minus 80,0,-0.144,1,0,3,5
p_e,52345-128,1,12.2,631977.6,4.576099171638765e-4,QBTK,later,0,2.004,1,1,3,5
p_e,52345-128,3,12.2,586429.3,4.246287580374211e-4,QBTK,later,0,3.549,1,1,3,5
p_e,52345-128,2,12.2,577611.8,4.182440769275329e-4,QBTK,later,0,2.736,1,1,3,5
p_e,52345-129,3,10.8,789306.4,6.456177201936919e-4,QBTK,later,0,0.738,1,1,3,5
p_e,52345-129,2,10.8,724958.3,5.929838208349693e-4,QBTK,later,0,3.455,1,1,3,5
p_e,52345-129,1,10.8,690943.1,5.65160891898966e-4,QBTK,later,0,4.303,1,1,3,5
p_e,52345-130,1,6.13,528048.3,7.609686186800708e-4,QBTK,later,0,-0.831,1,0,3,5
p_e,52345-130,3,6.13,456758,6.582324085335977e-4,QBTK,later,0,-0.637,1,0,3,5
p_e,52345-130,2,6.13,440305.5,6.345227664443535e-4,QBTK,later,0,-0.751,1,0,3,5
p_e,52345-055,1,19,1241340,5.771526873721406e-4,QBTK,self-preserving,0,3.328,1,1,3,5
p_e,52345-055,3,19,813775.7,3.783595406360424e-4,QBTK,self-preserving,0,2.484,1,1,3,5
p_e,52345-055,2,19,696910.9,3.240240375674168e-4,QBTK,self-preserving,0,6.45,1,1,3,5
p_e,52345-056,1,13.9,310071.5,1.970609731296235e-4,QBTK,self-preserving,0,2.859,1,1,3,5
p_e,52345-056,2,13.9,308864.8,1.9629407428121108e-4,QBTK,self-preserving,0,3.742,1,1,3,5
p_e,52345-056,3,13.9,307999.2,1.9574395607189162e-4,QBTK,self-preserving,0,1.439,1,1,3,5
p_e,52345-057,2,16.1,808082.8,4.4338761714549085e-4,QBTK,self-preserving,0,6.704,1,1,3,5
p_e,52345-057,1,16.1,716992,3.934069310624849e-4,QBTK,self-preserving,0,3.246,1,1,3,5
p_e,52345-057,3,16.1,623269.2,3.4198209073151454e-4,QBTK,self-preserving,0,2.647,1,1,3,5
p_e,52345-076,1,12.4,1102519,7.854489627265475e-4,QBTK,shield,0,NA,1,#VALUE!,3,5
p_e,52345-076,2,12.4,1091937,7.779102074546904e-4,QBTK,shield,0,NA,1,#VALUE!,3,5
p_e,52345-076,3,12.4,1030017,7.337975891941183e-4,QBTK,shield,0,NA,1,#VALUE!,3,5
p_e,52345-077,3,10.8,1465144,0.001198422981285172,QBTK,shield,0,0.368,1,0,3,5
p_e,52345-077,1,10.8,1438104,0.0011763054574008638,QBTK,shield,0,0.187,1,0,3,5
p_e,52345-077,2,10.8,1406968,0.001150837586703311,QBTK,shield,0,0.187,1,0,3,5
p_e,52345-078,3,10.1,414547.7,3.625823916313893e-4,QBTK,shield,0,-0.384,1,0,3,5
p_e,52345-078,1,10.1,372679.7,3.259627225973481e-4,QBTK,shield,0,-0.445,1,0,3,5
p_e,52345-078,2,10.1,347975.9,3.0435564846237274e-4,QBTK,shield,0,-0.362,1,0,3,5
p_e,52345-066,2,20.2,515607.60000000003,2.254870027638807e-4,QBTK,minus 80,0,0.096,10,0,3,5
p_e,52345-066,3,20.2,512788.2,2.2425401462407727e-4,QBTK,minus 80,0,-0.212,10,0,3,5
p_e,52345-066,1,20.2,496713.39999999997,2.1722413672462654e-4,QBTK,minus 80,0,-0.246,10,0,3,5
p_e,52345-065,2,22.6,454285.5,1.7757180493448824e-4,QBTK,minus 80,0,-0.324,10,0,3,5
p_e,52345-065,1,22.6,418959.19999999995,1.637634072359986e-4,QBTK,minus 80,0,-0.107,10,0,3,5
p_e,52345-064,2,21.1,407699,1.706910555490429e-4,QBTK,minus 80,0,-0.186,10,0,3,5
p_e,52345-065,3,22.6,395591.8,1.5462952249914005e-4,QBTK,minus 80,0,-0.146,10,0,3,5
p_e,52345-077,2,10.8,390119.3,3.19100330454129e-4,QBTK,shield,0,-0.375,10,0,3,5
p_e,52345-077,1,10.8,375376.60000000003,3.070414539981678e-4,QBTK,shield,0,-0.329,10,0,3,5
p_e,52345-064,3,21.1,362449,1.517462696565237e-4,QBTK,minus 80,0,-0.283,10,0,3,5
p_e,52345-077,3,10.8,356855.3,2.91891849888758e-4,QBTK,shield,0,-0.395,10,0,3,5
p_e,52345-128,3,12.2,355850.4,2.5766842379655917e-4,QBTK,later,0,-0.202,10,0,3,5
p_e,52345-064,1,21.1,348735.6,1.460048900574414e-4,QBTK,minus 80,0,-0.21,10,0,3,5
p_e,52345-055,2,19,347401.9,1.6152217779430913e-4,QBTK,self-preserving,0,-0.195,10,0,3,5
p_e,52345-128,1,12.2,344934.6,2.497643804668945e-4,QBTK,later,0,0.081,10,0,3,5
p_e,52345-128,2,12.2,333748.39999999997,2.4166454266349996e-4,QBTK,later,0,-0.002,10,0,3,5
p_e,52345-055,1,19,325788.2,1.5147303328993863e-4,QBTK,self-preserving,0,-0.032,10,0,3,5
p_e,52345-129,3,10.8,322936.8,2.641480172752257e-4,QBTK,later,0,-0.299,10,0,3,5
p_e,52345-076,3,12.4,316785.9,2.2568242049469966e-4,QBTK,shield,0,-0.248,10,0,3,5
p_e,52345-129,2,10.8,312956.5,2.55984573354273e-4,QBTK,later,0,-0.174,10,0,3,5
p_e,52345-055,3,19,311734.6,1.4493890645341266e-4,QBTK,self-preserving,0,-0.283,10,0,3,5
p_e,52345-076,1,12.4,309435.5,2.2044589935027925e-4,QBTK,shield,0,-0.218,10,0,3,5
p_e,52345-076,2,12.4,306753.6,2.1853527869599907e-4,QBTK,shield,0,-0.365,10,0,3,5
p_e,52345-129,1,10.8,301346,2.4648769794529513e-4,QBTK,later,0,0.003,10,0,3,5
p_e,52345-078,2,10.1,257032.90000000002,2.2481273834097195e-4,QBTK,shield,0,-0.118,10,0,3,5
p_e,52345-078,3,10.1,256008.5,2.2391675121575765e-4,QBTK,shield,0,-0.104,10,0,3,5
p_e,52345-078,1,10.1,250176.69999999998,2.188159920232306e-4,QBTK,shield,0,-0.304,10,0,3,5
p_e,52345-057,1,16.1,211831.8,1.1623016482672341e-4,QBTK,self-preserving,0,-0.227,10,0,3,5
p_e,52345-057,2,16.1,203001.8,1.1138522485349954e-4,QBTK,self-preserving,0,-0.202,10,0,3,5
p_e,52345-057,3,16.1,197722.40000000002,1.0848846651888595e-4,QBTK,self-preserving,0,-0.227,10,0,3,5
p_e,52345-130,1,6.13,169401,2.441232079963569e-4,QBTK,later,0,-0.136,10,0,3,5
p_e,52345-130,2,6.13,163841,2.361107108064953e-4,QBTK,later,0,-0.108,10,0,3,5
p_e,52345-130,3,6.13,159265,2.295162526876452e-4,QBTK,later,0,-0.195,10,0,3,5
p_e,52345-056,2,13.9,144321.7,9.172134377303812e-5,QBTK,self-preserving,0,-0.311,10,0,3,5
p_e,52345-056,1,13.9,142973.9,9.086477108066197e-5,QBTK,self-preserving,0,-0.382,10,0,3,5
p_e,52345-056,3,13.9,122612.90000000001,7.792466380252688e-5,QBTK,self-preserving,0,-0.302,10,0,3,5
p_e,52345-061,1,32,11399.64,3.146985424028268e-6,PCI,minus 80,0,0.502,1,1,3,5
p_e,52345-061,3,32,14814.34,4.089647747349823e-6,PCI,minus 80,0,0.136,1,0,3,5
p_e,52345-061,2,32,9361.051,2.5842124006183746e-6,PCI,minus 80,0,0.455,1,0,3,5
p_e,52345-062,2,31.2,7022.856,1.988441152487089e-6,PCI,minus 80,0,0.692,1,1,3,5
p_e,52345-062,3,31.2,11172.68,3.1634162362960953e-6,PCI,minus 80,0,0.328,1,0,3,5
p_e,52345-062,1,31.2,7445.382,2.1080745447132375e-6,PCI,minus 80,0,0.267,1,0,3,5
p_e,52345-063,1,29.6,13172.08,3.9311192818259955e-6,PCI,minus 80,0,0.49,1,0,3,5
p_e,52345-063,3,29.6,9334.646,2.785862739948429e-6,PCI,minus 80,0,0.024,1,0,3,5
p_e,52345-063,2,29.6,4785.081,1.4280754584089389e-6,PCI,minus 80,0,0.493,1,0,3,5
p_e,52345-125,1,0.083,378.524,4.028736855549406e-5,PCI,later,0,0.419,1,0,3,5
p_e,52345-125,3,0.083,333.758,3.5522797905402526e-5,PCI,later,0,0.003,1,0,3,5
p_e,52345-125,2,0.083,327.398,3.484588530801652e-5,PCI,later,0,0.457,1,0,3,5
p_e,52345-126,1,0.061,75.191,1.0889040143659852e-5,PCI,later,0,0.607,1,1,3,5
p_e,52345-126,2,0.061,72.051,1.0434310374790014e-5,PCI,later,0,0.56,1,1,3,5
p_e,52345-126,3,0.061,83.729,1.2125499623472167e-5,PCI,later,0,0.255,1,0,3,5
p_e,52345-127,3,0.124,32.416,2.309358258292488e-6,PCI,later,0,1.198,1,1,3,5
p_e,52345-127,1,0.124,28.827,2.053673201869372e-6,PCI,later,0,1.594,1,1,3,5
p_e,52345-127,2,0.124,24.857,1.77084520688476e-6,PCI,later,0,1.397,1,1,3,5
p_e,52345-067,2,35.2,8467.471,2.1250278569707673e-6,PCI,longmires,0,0.616,1,1,3,5
p_e,52345-067,1,35.2,7062.625,1.7724625060231286e-6,PCI,longmires,0,0.662,1,1,3,5
p_e,52345-067,3,35.2,15021.1,3.7697508432380344e-6,PCI,longmires,0,0.437,1,0,3,5
p_e,52345-068,3,34.4,9283.591,2.3840267791108557e-6,PCI,longmires,0,-0.575,1,0,3,5
p_e,52345-068,2,34.4,4215.15,1.082450797107404e-6,PCI,longmires,0,-0.846,1,0,3,5
p_e,52345-068,1,34.4,3573.537,9.176845365272412e-7,PCI,longmires,0,-0.92,1,0,3,5
p_e,52345-069,3,33.9,2026.335,5.280379311423122e-7,PCI,longmires,0,0.036,1,0,3,5
p_e,52345-069,2,33.9,1306.347,3.404179305169018e-7,PCI,longmires,0,-0.14,1,0,3,5
p_e,52345-069,1,33.9,1064.579,2.7741616894420295e-7,PCI,longmires,0,-0.019,1,0,3,5
p_e,52345-052,3,30.8,7981.599,2.2892475678032218e-6,PCI,self-preserving,0,-0.008,1,0,3,5
p_e,52345-052,2,30.8,2787.497,7.994977857831214e-7,PCI,self-preserving,0,0.101,1,0,3,5
p_e,52345-052,1,30.8,1815.499,5.207135399935753e-7,PCI,self-preserving,0,0.331,1,0,3,5
p_e,52345-053,1,24.8,2295.392,8.176336486948591e-7,PCI,self-preserving,0,0.609,1,1,3,5
p_e,52345-053,3,24.8,9623.392,3.4279151943462896e-6,PCI,self-preserving,0,0.158,1,0,3,5
p_e,52345-053,2,24.8,4421.577,1.574994656901858e-6,PCI,self-preserving,0,0.335,1,0,3,5
p_e,52345-054,3,23.8,2376.952,8.822608902218133e-7,PCI,self-preserving,0,0.104,1,0,3,5
p_e,52345-054,2,23.8,1322.407,4.908420435311934e-7,PCI,self-preserving,0,0.281,1,0,3,5
p_e,52345-054,1,23.8,497.38,1.846141283368471e-7,PCI,self-preserving,0,0.324,1,0,3,5
p_e,52345-073,2,28.8,66891.18,2.0517759864546522e-5,PCI,shield,0,-0.352,1,0,3,5
p_e,52345-073,3,28.8,61487.08,1.886014183352964e-5,PCI,shield,0,-0.353,1,0,3,5
p_e,52345-073,1,28.8,60277.43,1.848910176187672e-5,PCI,shield,0,0.1,1,0,3,5
p_e,52345-074,3,29.9,60064.23,1.7745910987153884e-5,PCI,shield,0,-0.104,1,0,3,5
p_e,52345-074,2,29.9,58747.02,1.7356742734911424e-5,PCI,shield,0,0.086,1,0,3,5
p_e,52345-074,1,29.9,50841.44,1.5021047779996928e-5,PCI,shield,0,0.069,1,0,3,5
p_e,52345-075,2,26,75189.86,2.5546976080456643e-5,PCI,shield,0,2.184,1,1,3,5
p_e,52345-075,1,26,67269.98,2.285606822506116e-5,PCI,shield,0,2.762,1,1,3,5
p_e,52345-075,3,26,56823.82,1.9306815710790975e-5,PCI,shield,0,2.078,1,1,3,5
p_e,52345-067,1,35.2,497717.69999999995,1.2490907585126885e-4,PCI,longmires,0,-0.341,10,0,3,5
p_e,52345-063,1,29.6,450021,1.343057611498424e-4,PCI,minus 80,0,-0.331,10,0,3,5
p_e,52345-068,1,34.4,441439.10000000003,1.1336158990056702e-4,PCI,longmires,0,-0.024,10,0,3,5
p_e,52345-067,3,35.2,414041.3,1.0390933685351749e-4,PCI,longmires,0,-0.28,10,0,3,5
p_e,52345-063,3,29.6,395701.1,1.1809434987107246e-4,PCI,minus 80,0,-0.362,10,0,3,5
p_e,52345-067,2,35.2,391093.1,9.81501716591712e-5,PCI,longmires,0,-0.111,10,0,3,5
p_e,52345-063,2,29.6,388744.80000000005,1.1601828860662783e-4,PCI,minus 80,0,0.044,10,0,3,5
p_e,52345-068,2,34.4,374763.39999999997,9.623926575725205e-5,PCI,longmires,0,-0.143,10,0,3,5
p_e,52345-062,1,31.2,361710.4,1.0241415239648458e-4,PCI,minus 80,0,-0.199,10,0,3,5
p_e,52345-061,1,32,349877.39999999997,9.6587179770318e-5,PCI,minus 80,0,-0.057,10,0,3,5
p_e,52345-068,3,34.4,348002.39999999997,8.936703919796204e-5,PCI,longmires,0,-0.387,10,0,3,5
p_e,52345-061,2,32,340532.5,9.400742601590106e-5,PCI,minus 80,0,-0.37,10,0,3,5
p_e,52345-062,2,31.2,337860.6,9.56613549877684e-5,PCI,minus 80,0,-0.071,10,0,3,5
p_e,52345-062,3,31.2,326486.2,9.244082404638942e-5,PCI,minus 80,0,-0.275,10,0,3,5
p_e,52345-061,3,32,311580,8.601479681978799e-5,PCI,minus 80,0,-0.302,10,0,3,5
p_e,52345-073,2,28.8,284393.4,8.723295789163722e-5,PCI,shield,0,-0.151,10,0,3,5
p_e,52345-075,2,26,271520.60000000003,9.225353356890461e-5,PCI,shield,0,-0.153,10,0,3,5
p_e,52345-073,1,28.8,268094,8.223338731841382e-5,PCI,shield,0,-0.113,10,0,3,5
p_e,52345-075,1,26,263718.8,8.960274531122588e-5,PCI,shield,0,-0.249,10,0,3,5
p_e,52345-074,1,29.9,260185.7,7.687158017892385e-5,PCI,shield,0,-0.051,10,0,3,5
p_e,52345-074,2,29.9,254929.19999999998,7.531855300944255e-5,PCI,shield,0,-0.308,10,0,3,5
p_e,52345-073,3,28.8,248327.2,7.617024931291715e-5,PCI,shield,0,-0.092,10,0,3,5
p_e,52345-074,3,29.9,229927.59999999998,6.793185766453549e-5,PCI,shield,0,-0.318,10,0,3,5
p_e,52345-075,3,26,215579.1,7.324650040771949e-5,PCI,shield,0,-0.32,10,0,3,5
p_e,52345-052,3,30.8,191415.80000000002,5.4901048598045064e-5,PCI,self-preserving,0,-0.147,10,0,3,5
p_e,52345-052,1,30.8,188499.7,5.4064665458216705e-5,PCI,self-preserving,0,-0.031,10,0,3,5
p_e,52345-069,2,33.9,186880.80000000002,4.8698833609556275e-5,PCI,longmires,0,-0.207,10,0,3,5
p_e,52345-052,2,30.8,183779.3,5.27107808269469e-5,PCI,self-preserving,0,-0.14,10,0,3,5
p_e,52345-069,3,33.9,177459.59999999998,4.624378498389568e-5,PCI,longmires,0,-0.159,10,0,3,5
p_e,52345-069,1,33.9,176841.6,4.6082741799305796e-5,PCI,longmires,0,-0.091,10,0,3,5
p_e,52345-053,1,24.8,165116.8,5.881568448649264e-5,PCI,self-preserving,0,-0.212,10,0,3,5
p_e,52345-053,3,24.8,163369.59999999998,5.819332041490937e-5,PCI,self-preserving,0,-0.17,10,0,3,5
p_e,52345-053,2,24.8,162180.6,5.7769790835518066e-5,PCI,self-preserving,0,-0.13,10,0,3,5
p_e,52345-054,1,23.8,112097.70000000001,4.160766249962883e-5,PCI,self-preserving,0,-0.133,10,0,3,5
p_e,52345-054,2,23.8,92524.5,3.4342615137927965e-5,PCI,self-preserving,0,-0.069,10,0,3,5
p_e,52345-054,3,23.8,91895.9,3.4109295661727585e-5,PCI,self-preserving,0,-0.249,10,0,3,5
p_e,52345-127,2,0.124,695,4.951270944944716e-5,PCI,later,0,0.175,10,0,3,5
p_e,52345-127,1,0.124,690.8,4.9213495953493664e-5,PCI,later,0,0.339,10,0,3,5
p_e,52345-125,3,0.083,665.3,7.080974072970326e-5,PCI,later,0,0.09,10,0,3,5
p_e,52345-125,2,0.083,659.9,7.023500361871513e-5,PCI,later,0,0.136,10,0,3,5
p_e,52345-125,1,0.083,617.5,6.572225296947507e-5,PCI,later,0,0.151,10,0,3,5
p_e,52345-127,3,0.124,523.2,3.727345263877807e-5,PCI,later,0,0.219,10,0,3,5
p_e,52345-126,1,0.061,345.09999999999997,4.997682905636332e-5,PCI,later,0,0.116,10,0,3,5
p_e,52345-126,2,0.061,336.59999999999997,4.874587267566471e-5,PCI,later,0,0.294,10,0,3,5
p_e,52345-126,3,0.061,229.3,3.320685859931646e-5,PCI,later,0,0.167,10,0,3,5
